-- phpMyAdmin SQL Dump
-- version 4.8.4
-- https://www.phpmyadmin.net/
--
-- Hôte : 127.0.0.1:3306
-- Généré le :  lun. 11 nov. 2019 à 20:56
-- Version du serveur :  5.7.21
-- Version de PHP :  7.2.4

SET SQL_MODE = "NO_AUTO_VALUE_ON_ZERO";
SET AUTOCOMMIT = 0;
START TRANSACTION;
SET time_zone = "+00:00";

--
-- Base de données :  `sf4`
--

--
-- Déchargement des données de la table `mat_carac`
--

DROP TABLE loc_refs;
DROP TABLE mat_cal;
DROP TABLE mat_carac;

CREATE TABLE loc_refs (id INT AUTO_INCREMENT NOT NULL,
    created_at DATETIME NOT NULL,
    PRIMARY KEY(id)
) DEFAULT CHARACTER SET utf8mb4 COLLATE `utf8mb4_unicode_ci` ENGINE = InnoDB;

CREATE TABLE mat_cal (
    id INT AUTO_INCREMENT NOT NULL,
    mat_carac_id INT NOT NULL,
    ref_user_id INT DEFAULT NULL,
    created_at DATETIME NOT NULL,
    date_debut DATETIME NOT NULL,
    date_fin DATETIME NOT NULL,
    type_sortie VARCHAR(255) NOT NULL,
    status VARCHAR(64) NOT NULL,
    asset_text VARCHAR(255) NOT NULL,
    commentaire LONGTEXT DEFAULT NULL,
    ref_resa INT NOT NULL,

    INDEX IDX_59EA75B32FB51FC5 (mat_carac_id),
    INDEX IDX_59EA75B3637A8045 (ref_user_id),
    PRIMARY KEY(id)
) DEFAULT CHARACTER SET utf8mb4 COLLATE `utf8mb4_unicode_ci` ENGINE = InnoDB;

CREATE TABLE mat_carac (
    id INT AUTO_INCREMENT NOT NULL,
    usage_count INT NOT NULL,
    asset_num VARCHAR(64) NOT NULL,
    asset_type VARCHAR(32) NOT NULL,
    caracteristique VARCHAR(32) NOT NULL,
    status VARCHAR(128) NOT NULL,
    commentaire LONGTEXT DEFAULT NULL, PRIMARY KEY(id)
) DEFAULT CHARACTER SET utf8mb4 COLLATE `utf8mb4_unicode_ci` ENGINE = InnoDB;

INSERT INTO `mat_carac` (`id`, `Usage_Count`, `Asset_Num`, `Asset_Type`, `Caracteristique`, `Status`, `Commentaire`) VALUES
(1, 3, 'G79', 'Détendeur mer', 'Etrier', 'En service', ''),
(2, 3, 'G80', 'Détendeur lac', 'Etrier/DIN', 'En service', ''),
(3, 2, 'G81', 'Détendeur lac', 'Etrier/DIN', 'En service', ''),
(4, 4, 'G82', 'Détendeur lac', 'Etrier/DIN', 'En service', ''),
(5, 5, 'G83', 'Détendeur lac', 'Etrier/DIN', 'En service', ''),
(6, 5, 'G84', 'Détendeur lac', 'Etrier/DIN', 'En service', ''),
(7, 4, 'G85', 'Détendeur lac', 'DIN/DIN', 'En service', ''),
(8, 3, 'G86', 'Détendeur lac', 'DIN/DIN', 'En service', ''),
(9, 7, 'G87', 'Détendeur mer', 'Etrier', 'En service', ''),
(10, 5, 'G88', 'Détendeur mer', 'DIN', 'En service', ''),
(11, 4, 'G89', 'Détendeur mer', 'DIN', 'En service', ''),
(12, 1, 'B01', 'Bloc', '15L', 'maintenance', ''),
(13, 1, 'B02', 'Bloc', '15L', 'reforme', ''),
(14, 1, 'B37', 'Bloc', '15L', 'En service', ''),
(15, 1, 'B39', 'Bloc', '15L', 'En service', ''),
(16, 1, 'B44', 'Bloc', '15L', 'En service', ''),
(17, 0, 'B54', 'Bloc', '15L', 'En service', ''),
(18, 0, 'B69', 'Bloc', '15L', 'En service', ''),
(19, 1, 'B70', 'Bloc', '15L', 'En service', ''),
(20, 7, 'S8', 'Gilet', 'M', 'En service', ''),
(21, 8, 'S13', 'Gilet', 'M', 'En service', ''),
(22, 9, 'APN1', 'Caméra', 'GoPro H3', 'En service', ''),
(23, 8, 'APN2', 'Caméra', 'HP', 'En service', ''),
(24, 8, 'S19', 'Gilet', 'S', 'En service', ''),
(25, 8, 'S27', 'Gilet', 'S', 'En service', ''),
(26, 8, 'PH01', 'Phare', 'Seac 1200', 'En service', ''),
(27, 8, 'S47', 'Gilet', 'S', 'En service', ''),
(28, 8, 'S48', 'Gilet', 'M', 'En service', ''),
(29, 8, 'S49', 'Gilet', 'S', 'En service', ''),
(30, 8, 'S50', 'Gilet', 'M', 'En service', ''),
(31, 8, 'S51', 'Gilet', 'M', 'En service', ''),
(32, 3, 'S52', 'Gilet', 'XS', 'En service', ''),
(33, 8, 'S53', 'Gilet', 'M', 'En service', ''),
(34, 8, 'S55', 'Gilet', 'M', 'En service', ''),
(35, 8, 'S57', 'Gilet', 'M', 'En service', ''),
(36, 8, 'S58', 'Gilet', 'M', 'En service', ''),
(37, 7, 'S59', 'Gilet', 'M', 'En service', ''),
(38, 7, 'S60', 'Gilet', 'M', 'En service', ''),
(39, 7, 'S61', 'Gilet', 'M', 'En service', ''),
(40, 8, 'S62', 'Gilet', 'S', 'En service', ''),
(41, 8, 'S63', 'Gilet', 'S', 'En service', ''),
(42, 8, 'S64', 'Gilet', 'S', 'En service', ''),
(43, 8, 'S65', 'Gilet', 'S', 'En service', ''),
(44, 3, 'S66', 'Gilet', 'XS', 'En service', ''),
(45, 3, 'S67', 'Gilet', 'XS', 'En service', ''),
(46, 2, 'S68', 'Gilet', 'XXS', 'En service', ''),
(47, 2, 'S69', 'Gilet', 'XS', 'En service', ''),
(48, 4, 'S70', 'Gilet', 'L', 'En service', ''),
(49, 4, 'S71', 'Gilet', 'L', 'En service', ''),
(50, 4, 'S72', 'Gilet', 'L', 'En service', ''),
(51, 9, 'S73', 'Gilet', 'M', 'En service', ''),
(52, 7, 'S74', 'Gilet', 'M', 'En service', ''),
(53, 7, 'S75', 'Gilet', 'M', 'En service', ''),
(54, 8, 'S76', 'Gilet', 'S', 'En service', ''),
(55, 8, 'S77', 'Gilet', 'S', 'En service', ''),
(56, 9, 'S78', 'Gilet', 'XL', 'En service', ''),
(57, 2, 'S79', 'Gilet', 'XS', 'En service', ''),
(58, 2, 'S82', 'Gilet', 'XS', 'En service', ''),
(59, 2, 'S84', 'Gilet', 'XXS', 'En service', ''),
(60, 2, 'S85', 'Gilet', 'XS', 'En service', ''),
(61, 2, 'S86', 'Gilet', 'XXS', 'En service', ''),
(62, 2, 'S87', 'Gilet', 'XS', 'En service', ''),
(63, 2, 'S88', 'Gilet', 'XS', 'En service', ''),
(64, 4, 'S89', 'Gilet', 'L', 'En service', ''),
(65, 2, 'S90', 'Gilet', 'XS', 'En service', ''),
(66, 2, 'S91', 'Gilet', 'XS', 'En service', ''),
(67, 2, 'S92', 'Gilet', 'XS', 'En service', ''),
(68, 8, 'S93', 'Gilet', 'S', 'En service', ''),
(69, 7, 'S94', 'Gilet', 'S', 'En service', ''),
(70, 8, 'S95', 'Gilet', 'S', 'En service', ''),
(71, 7, 'S96', 'Gilet', 'M', 'En service', ''),
(72, 7, 'S97', 'Gilet', 'M', 'En service', ''),
(73, 7, 'S98', 'Gilet', 'M', 'En service', ''),
(74, 1, 'B18', 'Bloc', '6L', 'En service', ''),
(75, 0, 'S19', 'Bloc', '6L', 'En service', ''),
(76, 1, 'B60', 'Bloc', '6L', 'En service', ''),
(77, 0, 'B72', 'Bloc', '6L', 'En service', ''),
(78, 0, 'B73', 'Bloc', '6L', 'En service', ''),
(79, 0, 'B5', 'Bloc', '10L', 'En service', ''),
(80, 0, 'B6', 'Bloc', '10L', 'En service', ''),
(81, 0, 'B12', 'Bloc', '10L', 'service', ''),
(82, 0, 'B71', 'Bloc', '10L', 'En service', ''),
(83, 0, 'B7', 'Bloc', '12L Long', 'En service', ''),
(84, 1, 'B24', 'Bloc', '12L Long', 'En service', ''),
(85, 1, 'B29', 'Bloc', '12L Long', 'En service', ''),
(86, 1, 'B36', 'Bloc', '12L Long', 'En service', ''),
(87, 0, 'B42', 'Bloc', '12L Long', 'En service', ''),
(88, 0, 'B43', 'Bloc', '12L Long', 'En service', ''),
(89, 0, 'B45', 'Bloc', '12L Long', 'En service', ''),
(90, 0, 'B47', 'Bloc', '12L Long', 'En service', ''),
(91, 0, 'B50', 'Bloc', '12L Long', 'En service', ''),
(92, 0, 'B52', 'Bloc', '12L Long', 'En service', ''),
(93, 2, 'B13', 'Bloc', '12L Court', 'En service', ''),
(94, 2, 'B16', 'Bloc', '12L Court', 'En service', ''),
(95, 2, 'B17', 'Bloc', '12L Très Court', 'service', ''),
(96, 2, 'B20', 'Bloc', '12L Court', 'En service', ''),
(97, 2, 'B28', 'Bloc', '12L Court', 'En service', ''),
(98, 2, 'B30', 'Bloc', '12L Court', 'En service', ''),
(99, 2, 'B31', 'Bloc', '12L Court', 'En service', ''),
(100, 2, 'B61', 'Bloc', '12L Court', 'En service', ''),
(101, 2, 'B62', 'Bloc', '12L Court', 'En service', ''),
(102, 2, 'B63', 'Bloc', '12L Court', 'En service', ''),
(103, 2, 'B64', 'Bloc', '12L Court', 'En service', ''),
(104, 2, 'B65', 'Bloc', '12L Court', 'En service', ''),
(105, 2, 'B66', 'Bloc', '12L Court', 'En service', ''),
(106, 2, 'B67', 'Bloc', '12L Court', 'En service', ''),
(107, 1, 'B68', 'Bloc', '12L Court', 'En service', ''),
(108, 2, 'S99', 'Gilet', 'XXS', 'En service', ''),
(109, 3, 'S100', 'Gilet', 'XS', 'En service', ''),
(110, 3, 'S101', 'Gilet', 'XS', 'En service', ''),
(111, 3, 'S102', 'Gilet', 'XS', 'En service', ''),
(112, 8, 'S103', 'Gilet', 'S', 'En service', ''),
(113, 8, 'S104', 'Gilet', 'S', 'En service', ''),
(114, 8, 'S105', 'Gilet', 'M', 'En service', ''),
(115, 5, 'S106', 'Gilet', 'L', 'En service', ''),
(116, 5, 'S107', 'Gilet', 'L', 'En service', ''),
(117, 5, 'S108', 'Gilet', 'L', 'En service', ''),
(118, 1000, 'G02', 'Détendeur mer', 'Etrier', 'En service', ''),
(119, 1000, 'G03', 'Détendeur mer', 'Etrier', 'En service', ''),
(120, 1000, 'G04', 'Détendeur mer', 'Etrier', 'En service', ''),
(121, 1000, 'G05', 'Détendeur mer', 'Etrier', 'En service', ''),
(122, 1000, 'G06', 'Détendeur mer', 'Etrier', 'En service', ''),
(123, 1000, 'G01', 'Détendeur mer', 'Etrier', 'En service', ''),
(124, 2, 'O01', 'Secours', 'Oxygène', 'En service', ''),
(125, 0, 'A01', 'Détendeur mer', 'Essai d\'ajout de matériel', 'reforme', 'essai de commentaire');

--
-- Base de données :  `adherents`
--

INSERT INTO `mat_cal` (`id`, `created_at`, `mat_carac_id`, `ref_user_id`, `ref_resa`, `date_debut`, `date_fin`, `type_sortie`, `status`, `asset_text`, `commentaire`) VALUES
(  1, '2019-02-03 23:09:11',  1    ,   NULL,  0, '2000-01-01', '2199-12-31', NULL, 'libre', '', NULL),
(  2, '2019-02-03 23:09:11',  2    ,   NULL,  0, '2000-01-01', '2199-12-31', NULL, 'libre', '', NULL),
(  3, '2019-02-03 23:09:11',  3    ,   NULL,  0, '2000-01-01', '2199-12-31', NULL, 'libre', '', NULL),
(  4, '2019-02-03 23:09:11',  4    ,   NULL,  0, '2000-01-01', '2199-12-31', NULL, 'libre', '', NULL),
(  5, '2019-02-03 23:09:11',  5    ,   NULL,  0, '2000-01-01', '2199-12-31', NULL, 'libre', '', NULL),
(  6, '2019-02-03 23:09:11',  6    ,   NULL,  0, '2000-01-01', '2199-12-31', NULL, 'libre', '', NULL),
(  7, '2019-02-03 23:09:11',  7    ,   NULL,  0, '2000-01-01', '2199-12-31', NULL, 'libre', '', NULL),
(  8, '2019-02-03 23:09:11',  8    ,   NULL,  0, '2000-01-01', '2199-12-31', NULL, 'libre', '', NULL),
(  9, '2019-02-03 23:09:11',  9    ,   NULL,  0, '2000-01-01', '2199-12-31', NULL, 'libre', '', NULL),
( 10, '2019-02-03 23:09:11', 10    ,   NULL,  0, '2000-01-01', '2199-12-31', NULL, 'libre', '', NULL),
( 11, '2019-02-03 23:09:11', 11    ,   NULL,  0, '2000-01-01', '2199-12-31', NULL, 'libre', '', NULL),
( 12, '2019-02-03 23:09:11', 12    ,   NULL,  0, '2000-01-01', '2199-12-31', NULL, 'libre', '', NULL),
( 13, '2019-02-03 23:09:11', 13    ,   NULL,  0, '2000-01-01', '2199-12-31', NULL, 'libre', '', NULL),
( 14, '2019-02-03 23:09:11', 14    ,   NULL,  0, '2000-01-01', '2199-12-31', NULL, 'libre', '', NULL),
( 15, '2019-02-03 23:09:11', 15    ,   NULL,  0, '2000-01-01', '2199-12-31', NULL, 'libre', '', NULL),
( 16, '2019-02-03 23:09:11', 16    ,   NULL,  0, '2000-01-01', '2199-12-31', NULL, 'libre', '', NULL),
( 17, '2019-02-03 23:09:11', 17    ,   NULL,  0, '2000-01-01', '2199-12-31', NULL, 'libre', '', NULL),
( 18, '2019-02-03 23:09:11', 18    ,   NULL,  0, '2000-01-01', '2199-12-31', NULL, 'libre', '', NULL),
( 19, '2019-02-03 23:09:11', 19    ,   NULL,  0, '2000-01-01', '2199-12-31', NULL, 'libre', '', NULL),
( 20, '2019-02-03 23:09:11', 20    ,   NULL,  0, '2000-01-01', '2199-12-31', NULL, 'libre', '', NULL),
( 21, '2019-02-03 23:09:11', 21    ,   NULL,  0, '2000-01-01', '2199-12-31', NULL, 'libre', '', NULL),
( 22, '2019-02-03 23:09:11', 22    ,   NULL,  0, '2000-01-01', '2199-12-31', NULL, 'libre', '', NULL),
( 23, '2019-02-03 23:09:11', 23    ,   NULL,  0, '2000-01-01', '2199-12-31', NULL, 'libre', '', NULL),
( 24, '2019-02-03 23:09:11', 24    ,   NULL,  0, '2000-01-01', '2199-12-31', NULL, 'libre', '', NULL),
( 25, '2019-02-03 23:09:11', 25    ,   NULL,  0, '2000-01-01', '2199-12-31', NULL, 'libre', '', NULL),
( 26, '2019-02-03 23:09:11', 26    ,   NULL,  0, '2000-01-01', '2199-12-31', NULL, 'libre', '', NULL),
( 27, '2019-02-03 23:09:11', 27    ,   NULL,  0, '2000-01-01', '2199-12-31', NULL, 'libre', '', NULL),
( 28, '2019-02-03 23:09:11', 28    ,   NULL,  0, '2000-01-01', '2199-12-31', NULL, 'libre', '', NULL),
( 29, '2019-02-03 23:09:11', 29    ,   NULL,  0, '2000-01-01', '2199-12-31', NULL, 'libre', '', NULL),
( 30, '2019-02-03 23:09:11', 30    ,   NULL,  0, '2000-01-01', '2199-12-31', NULL, 'libre', '', NULL),
( 31, '2019-02-03 23:09:11', 31    ,   NULL,  0, '2000-01-01', '2199-12-31', NULL, 'libre', '', NULL),
( 32, '2019-02-03 23:09:11', 32    ,   NULL,  0, '2000-01-01', '2199-12-31', NULL, 'libre', '', NULL),
( 33, '2019-02-03 23:09:11', 33    ,   NULL,  0, '2000-01-01', '2199-12-31', NULL, 'libre', '', NULL),
( 34, '2019-02-03 23:09:11', 34    ,   NULL,  0, '2000-01-01', '2199-12-31', NULL, 'libre', '', NULL),
( 35, '2019-02-03 23:09:11', 35    ,   NULL,  0, '2000-01-01', '2199-12-31', NULL, 'libre', '', NULL),
( 36, '2019-02-03 23:09:11', 36    ,   NULL,  0, '2000-01-01', '2199-12-31', NULL, 'libre', '', NULL),
( 37, '2019-02-03 23:09:11', 37    ,   NULL,  0, '2000-01-01', '2199-12-31', NULL, 'libre', '', NULL),
( 38, '2019-02-03 23:09:11', 38    ,   NULL,  0, '2000-01-01', '2199-12-31', NULL, 'libre', '', NULL),
( 39, '2019-02-03 23:09:11', 39    ,   NULL,  0, '2000-01-01', '2199-12-31', NULL, 'libre', '', NULL),
( 40, '2019-02-03 23:09:11', 40    ,   NULL,  0, '2000-01-01', '2199-12-31', NULL, 'libre', '', NULL),
( 41, '2019-02-03 23:09:11', 41    ,   NULL,  0, '2000-01-01', '2199-12-31', NULL, 'libre', '', NULL),
( 42, '2019-02-03 23:09:11', 42    ,   NULL,  0, '2000-01-01', '2199-12-31', NULL, 'libre', '', NULL),
( 43, '2019-02-03 23:09:11', 43    ,   NULL,  0, '2000-01-01', '2199-12-31', NULL, 'libre', '', NULL),
( 44, '2019-02-03 23:09:11', 44    ,   NULL,  0, '2000-01-01', '2199-12-31', NULL, 'libre', '', NULL),
( 45, '2019-02-03 23:09:11', 45    ,   NULL,  0, '2000-01-01', '2199-12-31', NULL, 'libre', '', NULL),
( 46, '2019-02-03 23:09:11', 46    ,   NULL,  0, '2000-01-01', '2199-12-31', NULL, 'libre', '', NULL),
( 47, '2019-02-03 23:09:11', 47    ,   NULL,  0, '2000-01-01', '2199-12-31', NULL, 'libre', '', NULL),
( 48, '2019-02-03 23:09:11', 48    ,   NULL,  0, '2000-01-01', '2199-12-31', NULL, 'libre', '', NULL),
( 49, '2019-02-03 23:09:11', 49    ,   NULL,  0, '2000-01-01', '2199-12-31', NULL, 'libre', '', NULL),
( 50, '2019-02-03 23:09:11', 50    ,   NULL,  0, '2000-01-01', '2199-12-31', NULL, 'libre', '', NULL),
( 51, '2019-02-03 23:09:11', 51    ,   NULL,  0, '2000-01-01', '2199-12-31', NULL, 'libre', '', NULL),
( 52, '2019-02-03 23:09:11', 52    ,   NULL,  0, '2000-01-01', '2199-12-31', NULL, 'libre', '', NULL),
( 53, '2019-02-03 23:09:11', 53    ,   NULL,  0, '2000-01-01', '2199-12-31', NULL, 'libre', '', NULL),
( 54, '2019-02-03 23:09:11', 54    ,   NULL,  0, '2000-01-01', '2199-12-31', NULL, 'libre', '', NULL),
( 55, '2019-02-03 23:09:11', 55    ,   NULL,  0, '2000-01-01', '2199-12-31', NULL, 'libre', '', NULL),
( 56, '2019-02-03 23:09:11', 56    ,   NULL,  0, '2000-01-01', '2199-12-31', NULL, 'libre', '', NULL),
( 57, '2019-02-03 23:09:11', 57    ,   NULL,  0, '2000-01-01', '2199-12-31', NULL, 'libre', '', NULL),
( 58, '2019-02-03 23:09:11', 58    ,   NULL,  0, '2000-01-01', '2199-12-31', NULL, 'libre', '', NULL),
( 59, '2019-02-03 23:09:11', 59    ,   NULL,  0, '2000-01-01', '2199-12-31', NULL, 'libre', '', NULL),
( 60, '2019-02-03 23:09:11', 60    ,   NULL,  0, '2000-01-01', '2199-12-31', NULL, 'libre', '', NULL),
( 61, '2019-02-03 23:09:11', 61    ,   NULL,  0, '2000-01-01', '2199-12-31', NULL, 'libre', '', NULL),
( 62, '2019-02-03 23:09:11', 62    ,   NULL,  0, '2000-01-01', '2199-12-31', NULL, 'libre', '', NULL),
( 63, '2019-02-03 23:09:11', 63    ,   NULL,  0, '2000-01-01', '2199-12-31', NULL, 'libre', '', NULL),
( 64, '2019-02-03 23:09:11', 64    ,   NULL,  0, '2000-01-01', '2199-12-31', NULL, 'libre', '', NULL),
( 65, '2019-02-03 23:09:11', 65    ,   NULL,  0, '2000-01-01', '2199-12-31', NULL, 'libre', '', NULL),
( 66, '2019-02-03 23:09:11', 66    ,   NULL,  0, '2000-01-01', '2199-12-31', NULL, 'libre', '', NULL),
( 67, '2019-02-03 23:09:11', 67    ,   NULL,  0, '2000-01-01', '2199-12-31', NULL, 'libre', '', NULL),
( 68, '2019-02-03 23:09:11', 68    ,   NULL,  0, '2000-01-01', '2199-12-31', NULL, 'libre', '', NULL),
( 69, '2019-02-03 23:09:11', 69    ,   NULL,  0, '2000-01-01', '2199-12-31', NULL, 'libre', '', NULL),
( 70, '2019-02-03 23:09:11', 70    ,   NULL,  0, '2000-01-01', '2199-12-31', NULL, 'libre', '', NULL),
( 71, '2019-02-03 23:09:11', 71    ,   NULL,  0, '2000-01-01', '2199-12-31', NULL, 'libre', '', NULL),
( 72, '2019-02-03 23:09:11', 72    ,   NULL,  0, '2000-01-01', '2199-12-31', NULL, 'libre', '', NULL),
( 73, '2019-02-03 23:09:11', 73    ,   NULL,  0, '2000-01-01', '2199-12-31', NULL, 'libre', '', NULL),
( 74, '2019-02-03 23:09:11', 74    ,   NULL,  0, '2000-01-01', '2199-12-31', NULL, 'libre', '', NULL),
( 75, '2019-02-03 23:09:11', 75    ,   NULL,  0, '2000-01-01', '2199-12-31', NULL, 'libre', '', NULL),
( 76, '2019-02-03 23:09:11', 76    ,   NULL,  0, '2000-01-01', '2199-12-31', NULL, 'libre', '', NULL),
( 77, '2019-02-03 23:09:11', 77    ,   NULL,  0, '2000-01-01', '2199-12-31', NULL, 'libre', '', NULL),
( 78, '2019-02-03 23:09:11', 78    ,   NULL,  0, '2000-01-01', '2199-12-31', NULL, 'libre', '', NULL),
( 79, '2019-02-03 23:09:11', 79    ,   NULL,  0, '2000-01-01', '2199-12-31', NULL, 'libre', '', NULL),
( 80, '2019-02-03 23:09:11', 80    ,   NULL,  0, '2000-01-01', '2199-12-31', NULL, 'libre', '', NULL),
( 81, '2019-02-03 23:09:11', 81    ,   NULL,  0, '2000-01-01', '2199-12-31', NULL, 'libre', '', NULL),
( 82, '2019-02-03 23:09:11', 82    ,   NULL,  0, '2000-01-01', '2199-12-31', NULL, 'libre', '', NULL),
( 83, '2019-02-03 23:09:11', 83    ,   NULL,  0, '2000-01-01', '2199-12-31', NULL, 'libre', '', NULL),
( 84, '2019-02-03 23:09:11', 84    ,   NULL,  0, '2000-01-01', '2199-12-31', NULL, 'libre', '', NULL),
( 85, '2019-02-03 23:09:11', 85    ,   NULL,  0, '2000-01-01', '2199-12-31', NULL, 'libre', '', NULL),
( 86, '2019-02-03 23:09:11', 86    ,   NULL,  0, '2000-01-01', '2199-12-31', NULL, 'libre', '', NULL),
( 87, '2019-02-03 23:09:11', 87    ,   NULL,  0, '2000-01-01', '2199-12-31', NULL, 'libre', '', NULL),
( 88, '2019-02-03 23:09:11', 88    ,   NULL,  0, '2000-01-01', '2199-12-31', NULL, 'libre', '', NULL),
( 89, '2019-02-03 23:09:11', 89    ,   NULL,  0, '2000-01-01', '2199-12-31', NULL, 'libre', '', NULL),
( 90, '2019-02-03 23:09:11', 90    ,   NULL,  0, '2000-01-01', '2199-12-31', NULL, 'libre', '', NULL),
( 91, '2019-02-03 23:09:11', 91    ,   NULL,  0, '2000-01-01', '2199-12-31', NULL, 'libre', '', NULL),
( 92, '2019-02-03 23:09:11', 92    ,   NULL,  0, '2000-01-01', '2199-12-31', NULL, 'libre', '', NULL),
( 93, '2019-02-03 23:09:11', 93    ,   NULL,  0, '2000-01-01', '2199-12-31', NULL, 'libre', '', NULL),
( 94, '2019-02-03 23:09:11', 94    ,   NULL,  0, '2000-01-01', '2199-12-31', NULL, 'libre', '', NULL),
( 95, '2019-02-03 23:09:11', 95    ,   NULL,  0, '2000-01-01', '2199-12-31', NULL, 'libre', '', NULL),
( 96, '2019-02-03 23:09:11', 96    ,   NULL,  0, '2000-01-01', '2199-12-31', NULL, 'libre', '', NULL),
( 97, '2019-02-03 23:09:11', 97    ,   NULL,  0, '2000-01-01', '2199-12-31', NULL, 'libre', '', NULL),
( 98, '2019-02-03 23:09:11', 98    ,   NULL,  0, '2000-01-01', '2199-12-31', NULL, 'libre', '', NULL),
( 99, '2019-02-03 23:09:11', 99    ,   NULL,  0, '2000-01-01', '2199-12-31', NULL, 'libre', '', NULL),
(100, '2019-02-03 23:09:11', 100   ,   NULL,  0, '2000-01-01', '2199-12-31', NULL, 'libre', '', NULL),
(101, '2019-02-03 23:09:11', 101   ,   NULL,  0, '2000-01-01', '2199-12-31', NULL, 'libre', '', NULL),
(102, '2019-02-03 23:09:11', 102   ,   NULL,  0, '2000-01-01', '2199-12-31', NULL, 'libre', '', NULL),
(103, '2019-02-03 23:09:11', 103   ,   NULL,  0, '2000-01-01', '2199-12-31', NULL, 'libre', '', NULL),
(104, '2019-02-03 23:09:11', 104   ,   NULL,  0, '2000-01-01', '2199-12-31', NULL, 'libre', '', NULL),
(105, '2019-02-03 23:09:11', 105   ,   NULL,  0, '2000-01-01', '2199-12-31', NULL, 'libre', '', NULL),
(106, '2019-02-03 23:09:11', 106   ,   NULL,  0, '2000-01-01', '2199-12-31', NULL, 'libre', '', NULL),
(107, '2019-02-03 23:09:11', 107   ,   NULL,  0, '2000-01-01', '2199-12-31', NULL, 'libre', '', NULL),
(108, '2019-02-03 23:09:11', 108   ,   NULL,  0, '2000-01-01', '2199-12-31', NULL, 'libre', '', NULL),
(109, '2019-02-03 23:09:11', 109   ,   NULL,  0, '2000-01-01', '2199-12-31', NULL, 'libre', '', NULL),
(110, '2019-02-03 23:09:11', 110   ,   NULL,  0, '2000-01-01', '2199-12-31', NULL, 'libre', '', NULL),
(111, '2019-02-03 23:09:11', 111   ,   NULL,  0, '2000-01-01', '2199-12-31', NULL, 'libre', '', NULL),
(112, '2019-02-03 23:09:11', 112   ,   NULL,  0, '2000-01-01', '2199-12-31', NULL, 'libre', '', NULL),
(113, '2019-02-03 23:09:11', 113   ,   NULL,  0, '2000-01-01', '2199-12-31', NULL, 'libre', '', NULL),
(114, '2019-02-03 23:09:11', 114   ,   NULL,  0, '2000-01-01', '2199-12-31', NULL, 'libre', '', NULL),
(115, '2019-02-03 23:09:11', 115   ,   NULL,  0, '2000-01-01', '2199-12-31', NULL, 'libre', '', NULL),
(116, '2019-02-03 23:09:11', 116   ,   NULL,  0, '2000-01-01', '2199-12-31', NULL, 'libre', '', NULL),
(117, '2019-02-03 23:09:11', 117   ,   NULL,  0, '2000-01-01', '2199-12-31', NULL, 'libre', '', NULL),
(118, '2019-02-03 23:09:11', 118   ,   NULL,  0, '2000-01-01', '2199-12-31', NULL, 'libre', '', NULL),
(119, '2019-02-03 23:09:11', 119   ,   NULL,  0, '2000-01-01', '2199-12-31', NULL, 'libre', '', NULL),
(120, '2019-02-03 23:09:11', 120   ,   NULL,  0, '2000-01-01', '2199-12-31', NULL, 'libre', '', NULL),
(121, '2019-02-03 23:09:11', 121   ,   NULL,  0, '2000-01-01', '2199-12-31', NULL, 'libre', '', NULL),
(122, '2019-02-03 23:09:11', 122   ,   NULL,  0, '2000-01-01', '2199-12-31', NULL, 'libre', '', NULL),
(123, '2019-02-03 23:09:11', 123   ,   NULL,  0, '2000-01-01', '2199-12-31', NULL, 'libre', '', NULL),
(124, '2019-02-03 23:09:11', 124   ,   NULL,  0, '2000-01-01', '2199-12-31', NULL, 'libre', '', NULL);

--
-- Déchargement des données de la table `preprod_loc_t1`
--

INSERT INTO `loc_refs` (`id`, `created_at`) VALUES
(1, '2019-10-10 06:44:41'),
(2, '2019-10-10 06:44:41'),
(3, '2019-10-10 06:44:41'),
(4, '2019-10-10 06:44:41'),
(5, '2019-10-10 06:52:57'),
(6, '2019-10-15 09:59:04'),
(7, '2019-10-15 10:00:18'),
(8, '2019-10-17 06:37:25'),
(9, '2019-10-17 06:39:16'),
(10, '2019-10-17 06:39:44'),
(11, '2019-10-17 06:39:47'),
(12, '2019-10-17 06:40:05'),
(13, '2019-10-17 21:08:25'),
(14, '2019-10-17 21:08:36'),
(15, '2019-10-17 21:09:08'),
(16, '2019-10-17 21:10:03'),
(17, '2019-10-17 21:10:18'),
(18, '2019-10-17 21:10:18'),
(19, '2019-10-17 21:50:05'),
(20, '2019-10-17 21:50:05'),
(21, '2019-10-19 16:40:15'),
(22, '2019-10-19 16:42:21'),
(23, '2019-10-20 08:12:46'),
(24, '2019-10-20 08:14:10'),
(25, '2019-10-20 08:14:18'),
(26, '2019-10-20 17:04:08'),
(27, '2019-10-20 17:07:54'),
(28, '2019-10-20 17:08:14'),
(29, '2019-10-20 17:08:14'),
(30, '2019-10-20 17:24:02'),
(31, '2019-10-20 17:24:02'),
(32, '2019-10-21 22:00:23'),
(33, '2019-10-21 22:01:04'),
(34, '2019-10-21 22:01:04'),
(35, '2019-10-22 07:06:57'),
(36, '2019-10-22 07:07:44'),
(37, '2019-10-25 17:30:12'),
(38, '2019-10-25 17:30:12'),
(39, '2019-10-25 17:30:12'),
(40, '2019-10-25 17:30:44'),
(41, '2019-10-25 17:30:44'),
(42, '2019-10-25 17:30:44'),
(43, '2019-10-25 17:31:10'),
(44, '2019-10-25 17:31:10'),
(45, '2019-10-25 17:31:10');

COMMIT;
